Postcode,Latitude,Longitude,Price,% of London Avg
BR1 1,51.406271,0.015176765,346,48
BR1 2,51.403386,0.043618581,767,108
BR1 3,51.406882,0.020437522,429,60
BR1 4,51.410171,0.0069360467,525,74
BR1 5,51.42029,0.019417883,426,60
BR2 0,51.407775,-0.0033205432,536,75
BR2 7,51.371662,0.024791764,735,103
BR2 9,51.395915,0.014951609,518,73
BR3 1,51.407682,-0.032384606,512,72
BR3 3,51.398424,-0.016695038,766,108
BR3 4,51.396705,-0.048180002,543,76
BR3 5,51.416113,-0.023594926,447,63
BR3 6,51.406155,-0.013844318,775,109
BR4 0,51.380973,-0.01161506,650,91
BR4 9,51.376082,-0.0069127698,629,88
BR7 5,51.416174,0.067703211,862,121
BR7 6,51.417424,0.071772278,629,88
CR0 1,51.367653,-0.10040185,326,46
CR0 2,51.374553,-0.098894924,304,43
CR0 3,51.389228,-0.1295194,363,51
CR0 4,51.371553,-0.12081476,409,57
CR0 5,51.369904,-0.045354619,556,78
CR0 6,51.380444,-0.08788745,375,53
CR0 7,51.379938,-0.073480841,471,66
CR0 8,51.373034,-0.042692519,491,69
CR0 9,51.346089,-0.033961376,333,47
CR2 0,51.347927,-0.089571656,597,84
CR2 6,51.363282,-0.098700911,389,55
CR2 7,51.355322,-0.090872613,457,64
CR2 8,51.348238,-0.052221939,525,74
CR2 9,51.334716,-0.07524804,591,83
CR4 1,51.410383,-0.14732096,433,61
CR4 2,51.413306,-0.15652135,417,59
CR4 3,51.406181,-0.1649029,385,54
CR4 4,51.402804,-0.16459239,393,55
CR5 1,51.313816,-0.13634763,576,81
CR5 2,51.322372,-0.1400194,557,78
CR7 6,51.394377,-0.11579722,433,61
CR7 7,51.394972,-0.094756707,373,52
CR7 8,51.402362,-0.10352161,369,52
CR8 1,51.33853,-0.11065113,713,100
CR8 2,51.338255,-0.11534285,456,64
CR8 3,51.337752,-0.11819179,927,130
CR8 4,51.326533,-0.11845013,593,83
CR8 5,51.325659,-0.10054442,537,75
DA1 4,51.449699,0.19002851,331,46
DA14 4,51.426481,0.10503758,442,62
DA14 5,51.411874,0.1101619,385,54
DA14 6,51.42558,0.10059442,375,53
DA15 7,51.435234,0.10187178,463,65
DA15 8,51.438048,0.082288311,476,67
DA15 9,51.43457,0.10627273,471,66
DA16 1,51.461392,0.11002683,458,64
DA16 2,51.461623,0.10518595,478,67
DA16 3,51.462923,0.10836989,367,52
DA17 5,51.49077,0.14725277,360,51
DA17 6,51.491045,0.15968335,322,45
DA18 4,51.496327,0.14927162,294,41
DA5 1,51.44178,0.14999043,497,70
DA5 3,51.446481,0.12744385,517,73
DA6 7,51.450268,0.13875986,383,54
DA6 8,51.458512,0.13249462,515,72
DA7 4,51.463461,0.13380512,463,65
DA7 5,51.46419,0.15248339,484,68
DA7 6,51.455248,0.15947577,417,58
DA8 1,51.482681,0.17625485,337,47
DA8 2,51.476455,0.19570234,320,45
DA8 3,51.465892,0.17914165,392,55
E1 0,51.512497,-0.05209791,444,62
E1 1,51.519026,-0.058075032,510,72
E1 2,51.516904,-0.060298442,518,73
E1 3,51.519023,-0.054673427,421,59
E1 4,51.522243,-0.045512385,447,63
E1 5,51.518964,-0.061940618,535,75
E1 6,51.519176,-0.075927642,1000,141
E1 7,51.515066,-0.075899068,548,77
E1 8,51.513763,-0.07318683,627,88
E10 5,51.573046,-0.0088001352,469,66
E10 6,51.572758,-0.0082787535,512,72
E10 7,51.57431,-0.011212701,604,85
E11 1,51.564032,0.0087982145,534,75
E11 2,51.579691,0.024311779,799,112
E11 3,51.568625,0.011569178,613,86
E11 4,51.566571,0.0044226441,540,76
E12 5,51.551892,0.046228846,546,77
E12 6,51.549358,0.046677628,428,60
E13 0,51.529253,0.023154858,432,61
E13 8,51.528922,0.023572705,367,51
E13 9,51.53099,0.023116495,422,59
E14 0,51.509978,-0.01501005,546,77
E14 2,51.511782,-0.0036903979,460,65
E14 3,51.489866,-0.018995227,525,74
E14 4,51.502985,-0.022115025,601,84
E14 5,51.504954,-0.019450417,563,79
E14 6,51.512089,-0.015408288,516,72
E14 7,51.515481,-0.028318991,448,63
E14 8,51.509693,-0.027444832,639,90
E14 9,51.5021,-0.025107129,604,85
E15 1,51.54997,-0.0034902478,474,67
E15 2,51.532095,-0.0051808401,388,54
E15 3,51.527074,0.0060465439,443,62
E15 4,51.543285,0.014619333,446,63
E16 1,51.507713,0.022805703,404,57
E16 2,51.504395,0.018595273,472,66
E16 3,51.510039,0.019334724,404,57
E16 4,51.517838,0.017618516,398,56
E17 3,51.585503,-0.018013658,558,78
E17 4,51.592011,-0.0019504965,589,83
E17 5,51.595511,-0.013708522,484,68
E17 6,51.591558,-0.039564496,504,71
E17 7,51.581827,-0.033617964,567,80
E17 8,51.578928,-0.032862704,568,80
E17 9,51.577414,-0.01716773,635,89
E18 1,51.591999,0.026576978,605,85
E18 2,51.5925,0.024130468,587,82
E1W 1,51.508644,-0.073590156,868,122
E1W 2,51.50544,-0.057644039,566,79
E1W 3,51.511304,-0.046888557,627,88
E2 0,51.526024,-0.06691716,450,63
E2 6,51.529022,-0.06272456,610,86
E2 7,51.529256,-0.063824755,667,94
E2 8,51.52844,-0.078204242,591,83
E2 9,51.533196,-0.063398011,869,122
E3 2,51.53023,-0.028907296,461,65
E3 3,51.527882,-0.020329733,386,54
E3 4,51.518681,-0.030400521,468,66
E3 5,51.527185,-0.0345027,686,96
E4 6,51.63325,0.0081558303,502,70
E4 7,51.634747,0.0063144589,560,79
E4 8,51.621946,-0.017755113,455,64
E4 9,51.610822,-0.017763128,550,77
E5 0,51.557186,-0.049164802,772,108
E5 8,51.560014,-0.057555703,595,84
E5 9,51.569046,-0.062639658,593,83
E6 1,51.537563,0.040293854,383,54
E6 2,51.539532,0.055249676,374,52
E6 3,51.530416,0.055084174,427,60
E6 5,51.509807,0.062601624,359,50
E6 6,51.525602,0.057837139,348,49
E7 0,51.554412,0.019654969,659,92
E7 8,51.546874,0.027614326,442,62
E7 9,51.548822,0.023662318,498,70
E8 1,51.544454,-0.062790254,772,108
E8 2,51.550802,-0.062232082,596,84
E8 3,51.543336,-0.066443149,797,112
E8 4,51.541523,-0.075965815,869,122
E9 5,51.545421,-0.04195212,549,77
E9 6,51.547899,-0.043864977,575,81
E9 7,51.543947,-0.044149848,903,127
EC1A 4,51.519166,-0.097361693,698,98
EC1A 7,51.516213,-0.10160687,1100,153
EC1A 9,51.524503,-0.11208828,833,117
EC1M 4,51.520077,-0.10196512,570,80
EC1M 5,51.520991,-0.10286408,964,135
EC1M 6,51.520524,-0.10067808,944,132
EC1N 7,51.519827,-0.11042223,455,64
EC1N 8,51.518144,-0.1075227,1100,148
EC1R 0,51.52326,-0.10695019,1200,164
EC1R 1,51.527772,-0.10513396,767,108
EC1R 3,51.523674,-0.10918184,630,88
EC1R 4,51.52738,-0.10816329,901,126
EC1R 5,51.52223,-0.11052459,794,111
EC1V 0,51.523198,-0.099802784,1100,160
EC1V 1,51.531048,-0.10032657,756,106
EC1V 2,51.52948,-0.10121364,776,109
EC1V 3,51.526643,-0.094829906,593,83
EC1V 4,51.531381,-0.10697378,777,109
EC1V 7,51.530141,-0.10257023,710,100
EC1V 8,51.52488,-0.095898193,828,116
EC1V 9,51.523357,-0.097907796,761,107
EC1Y 0,51.523387,-0.097027183,1100,155
EC1Y 2,51.522089,-0.08745212,735,103
EC1Y 8,51.521548,-0.091208221,933,131
EC2A 2,51.522317,-0.086520024,1400,203
EC2A 3,51.524737,-0.07998913,1700,242
EC2A 4,51.524177,-0.085879842,914,128
EC2M 1,51.516838,-0.08473179,720,101
EC2Y 5,51.517346,-0.096039438,1400,195
EC2Y 8,51.518176,-0.096221018,1100,154
EC2Y 9,51.517902,-0.088766205,694,97
EC3A 7,51.51477,-0.077006926,2900,400
EC3N 1,51.51406,-0.076489152,1200,167
EC3N 2,51.524503,-0.11208828,488,68
EC3R 6,51.509046,-0.084986552,775,109
EC4A 1,51.517526,-0.10828337,802,113
EC4M 7,51.513653,-0.10120889,546,77
EC4R 1,51.510934,-0.092675132,465,65
EC4V 3,51.511117,-0.099512928,920,129
EC4V 5,51.513257,-0.10062006,1200,168
EC4Y 0,51.512597,-0.10484138,997,140
EN1 1,51.651933,-0.077090768,435,61
EN1 2,51.652024,-0.079876973,562,79
EN1 3,51.653372,-0.072143551,510,72
EN1 4,51.666208,-0.070745482,371,52
EN2 0,51.657483,-0.082104083,488,68
EN2 6,51.652328,-0.083073413,569,80
EN2 7,51.653249,-0.091014572,602,84
EN2 8,51.671854,-0.10715343,589,83
EN3 4,51.644435,-0.053183515,349,49
EN3 5,51.656059,-0.049201144,389,55
EN3 6,51.671066,-0.029191392,371,52
EN3 7,51.648033,-0.044052843,367,52
EN4 8,51.648779,-0.17006897,518,73
EN4 9,51.652069,-0.16189895,579,81
EN5 1,51.643239,-0.17114478,650,91
EN5 2,51.642079,-0.24063691,573,80
EN5 3,51.646185,-0.22131194,970,136
EN5 5,51.648037,-0.18831178,530,74
HA0 1,51.539677,-0.30304808,428,60
HA0 2,51.552273,-0.29787717,442,62
HA0 3,51.555314,-0.30549546,577,81
HA0 4,51.551655,-0.29872237,507,71
HA1 1,51.581021,-0.33679754,468,66
HA1 2,51.580618,-0.33434422,434,61
HA1 3,51.577778,-0.3344769,725,102
HA1 4,51.574026,-0.34509091,465,65
HA2 0,51.572341,-0.35059235,470,66
HA2 6,51.587455,-0.3607415,537,75
HA2 7,51.581835,-0.35498275,541,76
HA2 8,51.5696,-0.35845459,415,58
HA2 9,51.563652,-0.36715223,527,74
HA3 0,51.579337,-0.31958317,619,87
HA3 5,51.590604,-0.33275194,425,60
HA3 6,51.604759,-0.32781465,609,86
HA3 7,51.593223,-0.33483603,490,69
HA3 8,51.579582,-0.32351426,559,78
HA3 9,51.590426,-0.30654239,540,76
HA4 0,51.573425,-0.41357178,510,72
HA4 6,51.568789,-0.41057316,486,68
HA4 7,51.574809,-0.42555907,603,85
HA4 8,51.579264,-0.42313925,599,84
HA4 9,51.573451,-0.41284934,551,77
HA5 1,51.592949,-0.38407581,783,110
HA5 2,51.59846,-0.39379954,651,91
HA5 3,51.594014,-0.3778589,892,125
HA5 4,51.614826,-0.37034292,679,95
HA5 5,51.577365,-0.37944753,688,97
HA6 1,51.611575,-0.42334862,629,88
HA6 2,51.613467,-0.42628728,1100,159
HA7 1,51.605562,-0.3023113,546,77
HA7 2,51.601301,-0.32241132,641,90
HA7 3,51.618167,-0.31593924,1000,147
HA7 4,51.617036,-0.31352555,677,95
HA8 0,51.606783,-0.27198215,383,54
HA8 5,51.60731,-0.27661235,469,66
HA8 6,51.598118,-0.28451171,514,72
HA8 7,51.612279,-0.27700187,829,116
HA8 8,51.618653,-0.28798436,598,84
HA8 9,51.610552,-0.27638844,555,78
HA9 0,51.557908,-0.28351498,392,55
HA9 6,51.553423,-0.29223756,456,64
HA9 7,51.55329,-0.2942331,498,70
HA9 8,51.553974,-0.28810589,472,66
HA9 9,51.563349,-0.27922711,709,99
IG1 1,51.558255,0.072064067,405,57
IG1 2,51.55652,0.067974724,424,59
IG1 3,51.559472,0.069392636,569,80
IG1 4,51.564324,0.082786305,426,60
IG11 0,51.525635,0.079910083,334,47
IG11 7,51.533139,0.080684717,309,43
IG11 8,51.537987,0.078584183,277,39
IG11 9,51.541286,0.098390786,421,59
IG2 6,51.572847,0.082411036,506,71
IG2 7,51.567389,0.087962297,405,57
IG3 8,51.561221,0.092945837,451,63
IG3 9,51.558732,0.093827021,482,68
IG4 5,51.576197,0.057668342,495,69
IG5 0,51.582095,0.061341249,508,71
IG6 1,51.578987,0.082518528,451,63
IG6 2,51.588912,0.080677009,452,63
IG6 3,51.604414,0.094426211,426,60
IG7 4,51.60901,0.11092931,411,58
IG8 0,51.607377,0.023391276,853,120
IG8 7,51.599223,0.036298746,538,75
IG8 8,51.605688,0.050798618,567,80
IG8 9,51.605167,0.025343709,646,91
IG9 6,51.62775,0.048036823,582,82
KT1 1,51.408596,-0.30433927,583,82
KT1 2,51.408636,-0.30522928,615,86
KT1 3,51.410954,-0.28899533,652,91
KT1 4,51.409623,-0.31008168,647,91
KT2 5,51.413955,-0.30242972,883,124
KT2 6,51.417109,-0.29607132,768,108
KT2 7,51.412676,-0.28806824,1600,219
KT3 3,51.402625,-0.258942,683,96
KT3 4,51.401555,-0.25234059,956,134
KT3 5,51.398156,-0.25898229,688,97
KT3 6,51.397181,-0.25571299,696,98
KT4 8,51.380219,-0.24351111,540,76
KT5 8,51.395788,-0.29735236,645,91
KT5 9,51.387445,-0.28944116,611,86
KT6 4,51.392393,-0.31065911,495,69
KT6 6,51.394407,-0.29820861,736,103
KT6 7,51.385352,-0.29512411,568,80
KT9 1,51.367414,-0.30584649,456,64
KT9 2,51.363843,-0.29526213,448,63
N1 0,51.539425,-0.11793111,983,138
N1 1,51.539227,-0.10338921,1200,165
N1 2,51.540994,-0.099234624,1000,144
N1 3,51.540575,-0.094421163,1000,146
N1 4,51.546666,-0.085772669,927,130
N1 5,51.538782,-0.077696499,623,87
N1 6,51.529887,-0.086418886,603,85
N1 7,51.537534,-0.091577694,860,121
N1 8,51.536379,-0.10134468,1100,147
N1 9,51.531133,-0.12232453,647,91
N10 1,51.600529,-0.15071083,819,115
N10 2,51.595793,-0.14410281,982,138
N10 3,51.586207,-0.14520081,1200,167
N11 1,51.615924,-0.13480278,498,70
N11 2,51.609002,-0.13042162,668,94
N11 3,51.616345,-0.14719351,532,75
N12 0,51.609953,-0.174837,477,67
N12 7,51.617485,-0.19264882,817,115
N12 8,51.615737,-0.1819716,650,91
N12 9,51.61582,-0.16300272,546,77
N13 4,51.620946,-0.10755358,576,81
N13 5,51.62098,-0.09356818,559,78
N13 6,51.608917,-0.10773613,456,64
N14 4,51.64193,-0.14223401,599,84
N14 5,51.631894,-0.1285846,634,89
N14 6,51.63307,-0.12678773,792,111
N14 7,51.62551,-0.12524984,819,115
N15 3,51.584643,-0.092520204,511,72
N15 4,51.586552,-0.086593946,463,65
N15 5,51.585289,-0.078130363,517,73
N15 6,51.576082,-0.071071856,704,99
N16 0,51.565965,-0.081427142,909,128
N16 5,51.573993,-0.073613652,866,122
N16 6,51.565061,-0.068580468,613,86
N16 7,51.563781,-0.069471553,669,94
N16 8,51.554028,-0.075192947,690,97
N16 9,51.557184,-0.08507137,838,118
N17 0,51.599578,-0.067708293,382,54
N17 6,51.597763,-0.082050985,482,68
N17 7,51.599928,-0.076414966,477,67
N17 8,51.599463,-0.068348526,305,43
N17 9,51.592934,-0.068899819,440,62
N18 1,51.609087,-0.086036484,428,60
N18 2,51.613089,-0.063610246,353,49
N19 3,51.571541,-0.12599921,698,98
N19 4,51.565863,-0.13196088,936,131
N19 5,51.55634,-0.13817907,732,103
N1C 4,51.535391,-0.12545125,929,130
N2 0,51.586175,-0.17013147,2400,336
N2 8,51.587332,-0.16474388,519,73
N2 9,51.601735,-0.17204748,1200,167
N20 0,51.628393,-0.16081884,615,86
N20 8,51.63634,-0.20837341,1500,206
N20 9,51.631704,-0.17364612,808,113
N21 1,51.636934,-0.10308738,667,94
N21 2,51.635,-0.090798302,803,113
N21 3,51.630748,-0.099762045,633,89
N22 5,51.606472,-0.11001848,452,63
N22 6,51.591337,-0.098303257,566,79
N22 7,51.601388,-0.127211,762,107
N22 8,51.598606,-0.11968718,480,67
N3 1,51.606177,-0.19292462,710,100
N3 2,51.600387,-0.18076535,772,108
N3 3,51.591631,-0.20020057,874,123
N4 1,51.577749,-0.10216114,637,89
N4 2,51.564829,-0.10395445,704,99
N4 3,51.567332,-0.1102569,652,91
N4 4,51.572663,-0.11970449,707,99
N5 1,51.55455,-0.1022326,1000,144
N5 2,51.554103,-0.097995788,1100,147
N6 4,51.574339,-0.14934951,1400,201
N6 5,51.577106,-0.14633624,1000,143
N6 6,51.567595,-0.15222064,1900,261
N7 0,51.555344,-0.12871342,657,92
N7 6,51.558882,-0.11715683,633,89
N7 7,51.554291,-0.10847501,597,84
N7 8,51.547349,-0.11409938,670,94
N7 9,51.543296,-0.12488127,622,87
N8 0,51.584529,-0.10492435,656,92
N8 7,51.589352,-0.12187384,702,98
N8 8,51.577968,-0.1247534,964,135
N8 9,51.577881,-0.11647274,735,103
N9 0,51.627045,-0.044059925,337,47
N9 7,51.627472,-0.060570535,388,54
N9 8,51.63588,-0.051367786,349,49
N9 9,51.627292,-0.06926167,367,51
NW1 0,51.536729,-0.13944085,678,95
NW1 1,51.530784,-0.13543005,631,88
NW1 2,51.527947,-0.12838086,651,91
NW1 3,51.52458,-0.13827833,590,83
NW1 4,51.534979,-0.14644772,2900,402
NW1 5,51.522648,-0.15947507,1700,238
NW1 6,51.523017,-0.16408743,831,117
NW1 7,51.538805,-0.14391294,1500,214
NW1 8,51.541253,-0.1497259,1500,212
NW1 9,51.548495,-0.13006177,906,127
NW10 0,51.559111,-0.24930817,370,52
NW10 1,51.556603,-0.24390836,698,98
NW10 2,51.542554,-0.2275477,561,79
NW10 3,51.537286,-0.23007386,1200,162
NW10 4,51.537712,-0.2488749,594,83
NW10 5,51.534031,-0.23184384,797,112
NW10 6,51.531518,-0.23695855,642,90
NW10 7,51.536258,-0.25749567,417,59
NW10 8,51.534176,-0.24872224,379,53
NW10 9,51.536112,-0.25013309,416,58
NW11 0,51.584599,-0.20018977,1200,171
NW11 6,51.586235,-0.1995333,1200,172
NW11 7,51.581353,-0.19198992,1400,203
NW11 8,51.568667,-0.19686534,1000,147
NW11 9,51.575902,-0.20359289,855,120
NW2 1,51.562193,-0.21335227,568,80
NW2 2,51.563644,-0.19823274,804,113
NW2 3,51.557065,-0.21374079,633,89
NW2 4,51.553719,-0.21783865,1000,140
NW2 5,51.548782,-0.22378639,607,85
NW2 6,51.555067,-0.21895441,582,82
NW2 7,51.570549,-0.23723826,482,68
NW3 1,51.559003,-0.17778639,3100,428
NW3 2,51.552875,-0.16828032,1200,174
NW3 3,51.544978,-0.16246808,1100,156
NW3 4,51.550267,-0.16770715,1400,201
NW3 5,51.552144,-0.16868472,1800,250
NW3 6,51.552277,-0.17899274,1500,217
NW3 7,51.553697,-0.18937956,2600,363
NW4 1,51.592278,-0.22197477,817,115
NW4 2,51.587075,-0.22220677,785,110
NW4 3,51.583133,-0.22673413,747,105
NW4 4,51.588021,-0.22176563,517,73
NW5 1,51.55218,-0.14129145,1300,178
NW5 2,51.550009,-0.14047126,784,110
NW5 3,51.549211,-0.14174422,911,128
NW5 4,51.553819,-0.15221641,637,89
NW6 1,51.552426,-0.19328131,959,134
NW6 2,51.544904,-0.19243993,630,88
NW6 3,51.541872,-0.1905844,1100,153
NW6 4,51.538322,-0.19069637,656,92
NW6 5,51.536785,-0.19247324,802,112
NW6 6,51.537468,-0.19478215,1100,159
NW6 7,51.543089,-0.21836935,874,123
NW7 1,51.617648,-0.21977004,610,86
NW7 2,51.612879,-0.25069222,737,103
NW7 3,51.624981,-0.25180154,771,108
NW7 4,51.616547,-0.23981887,1300,188
NW8 0,51.535624,-0.18195008,2600,362
NW8 6,51.534154,-0.17242029,6300,885
NW8 7,51.532678,-0.16775025,1700,232
NW8 8,51.523912,-0.16837607,664,93
NW8 9,51.532399,-0.1780992,1900,270
NW9 0,51.584491,-0.26042886,488,68
NW9 5,51.596522,-0.24284554,408,57
NW9 6,51.580628,-0.24197204,499,70
NW9 7,51.575986,-0.23764846,438,61
NW9 8,51.580584,-0.26313274,592,83
NW9 9,51.588055,-0.26546066,560,79
RM1 1,51.5776,0.17826093,194,27
RM1 2,51.575414,0.18697459,307,43
RM1 3,51.578742,0.18017747,377,53
RM1 4,51.5814,0.1779952,498,70
RM10 7,51.554182,0.16809698,371,52
RM10 8,51.544188,0.16583344,355,50
RM10 9,51.553493,0.14195433,342,48
RM11 1,51.570191,0.18834011,490,69
RM11 2,51.573172,0.20490656,630,88
RM11 3,51.570297,0.23941583,605,85
RM12 4,51.561858,0.19394205,438,61
RM12 5,51.548946,0.19911919,451,63
RM12 6,51.553125,0.22074242,439,62
RM13 7,51.530436,0.18918675,405,57
RM13 8,51.526228,0.18480401,405,57
RM13 9,51.518731,0.19380012,395,55
RM14 1,51.552369,0.24675743,575,81
RM14 2,51.552477,0.24768598,577,81
RM14 3,51.552403,0.24919698,683,96
RM2 5,51.577913,0.19091933,557,78
RM2 6,51.586537,0.20289745,460,64
RM3 0,51.597199,0.21695748,416,58
RM3 7,51.596635,0.21011475,377,53
RM3 8,51.594695,0.21332699,320,45
RM3 9,51.612568,0.22169298,402,56
RM5 2,51.597077,0.16227013,420,59
RM5 3,51.585161,0.17205446,418,59
RM6 4,51.570386,0.12935673,379,53
RM6 5,51.580357,0.13295496,425,60
RM6 6,51.572382,0.14860037,428,60
RM7 0,51.57244,0.18007792,382,54
RM7 7,51.577846,0.17421698,389,55
RM7 8,51.581866,0.16444919,398,56
RM7 9,51.57693,0.17604956,375,53
RM8 1,51.561301,0.14724113,320,45
RM8 2,51.550988,0.1224501,368,52
RM8 3,51.554994,0.14150553,349,49
RM9 4,51.544049,0.12227137,369,52
RM9 5,51.553122,0.14306207,372,52
RM9 6,51.538241,0.12913928,349,49
SE1 0,51.498409,-0.10165523,612,86
SE1 1,51.501961,-0.091666587,773,108
SE1 2,51.504851,-0.078692557,812,114
SE1 3,51.496329,-0.079972975,612,86
SE1 4,51.496264,-0.091385894,640,90
SE1 5,51.486961,-0.074633802,509,71
SE1 6,51.496465,-0.093826635,584,82
SE1 7,51.502141,-0.11057755,738,104
SE1 8,51.505301,-0.11471207,730,102
SE1 9,51.505108,-0.091074012,1200,171
SE10 0,51.487122,0.0032841377,595,83
SE10 8,51.472269,-0.011132439,824,116
SE10 9,51.484035,-0.0008119901,603,85
SE11 4,51.485536,-0.10969408,688,97
SE11 5,51.486683,-0.12065106,552,77
SE11 6,51.491639,-0.11902114,642,90
SE12 0,51.449266,0.013068373,456,64
SE12 8,51.450751,0.014011672,674,95
SE12 9,51.449151,0.023382489,421,59
SE13 5,51.4596,-0.0059538934,602,85
SE13 6,51.46025,-0.010863245,464,65
SE13 7,51.460568,-0.016909981,558,78
SE14 5,51.474839,-0.046876962,509,71
SE14 6,51.474898,-0.039659964,476,67
SE15 1,51.47681,-0.068163385,433,61
SE15 2,51.471063,-0.062661026,547,77
SE15 3,51.459322,-0.056867574,639,90
SE15 4,51.46746,-0.073755926,829,116
SE15 5,51.471349,-0.071245112,538,76
SE15 6,51.478019,-0.07441996,404,57
SE16 2,51.490761,-0.048285259,446,63
SE16 3,51.486897,-0.058172913,487,68
SE16 4,51.496424,-0.067089296,521,73
SE16 5,51.492762,-0.080151673,566,79
SE16 6,51.500319,-0.04281968,550,77
SE16 7,51.492773,-0.039512657,546,77
SE17 1,51.489348,-0.091357828,478,67
SE17 2,51.489087,-0.085822996,436,61
SE17 3,51.489149,-0.09845318,511,72
SE18 1,51.484461,0.084733441,385,54
SE18 2,51.482266,0.09887762,428,60
SE18 3,51.479757,0.075172058,468,66
SE18 4,51.470855,0.055185354,348,49
SE18 5,51.493072,0.053389708,327,46
SE18 6,51.490385,0.068610531,439,62
SE18 7,51.487957,0.073196476,349,49
SE19 1,51.420963,-0.086067379,590,83
SE19 2,51.419477,-0.077183444,464,65
SE19 3,51.418981,-0.079821881,483,68
SE2 0,51.481603,0.12271219,403,56
SE2 9,51.499677,0.12133308,346,49
SE20 7,51.409107,-0.059069145,421,59
SE20 8,51.415205,-0.053734233,379,53
SE21 7,51.434204,-0.085226241,2100,292
SE21 8,51.439379,-0.088794084,799,112
SE22 0,51.447688,-0.072271143,729,102
SE22 8,51.46378,-0.08348462,782,110
SE22 9,51.458871,-0.072606087,752,106
SE23 1,51.443782,-0.049252879,586,82
SE23 2,51.440884,-0.038339687,557,78
SE23 3,51.44575,-0.052982582,549,77
SE24 0,51.464009,-0.093149521,928,130
SE24 9,51.450531,-0.10048993,1000,144
SE25 4,51.40169,-0.076118048,419,59
SE25 5,51.397223,-0.077311808,367,51
SE25 6,51.40015,-0.076484609,354,50
SE26 4,51.429773,-0.04609493,487,68
SE26 5,51.428289,-0.036404895,501,70
SE26 6,51.430717,-0.065073186,541,76
SE27 0,51.436348,-0.10538034,571,80
SE27 9,51.434137,-0.10432086,701,98
SE28 0,51.495614,0.098266154,319,45
SE28 8,51.503258,0.11772416,314,44
SE3 0,51.467796,0.0180305,1000,142
SE3 7,51.477182,0.018171152,742,104
SE3 8,51.463704,0.037775062,519,73
SE3 9,51.463295,0.018278229,622,87
SE4 1,51.453277,-0.032497323,671,94
SE4 2,51.465378,-0.036583933,578,81
SE5 0,51.48248,-0.095374827,536,75
SE5 7,51.473789,-0.092324144,471,66
SE5 8,51.470345,-0.092366997,704,99
SE5 9,51.466094,-0.10023246,605,85
SE6 1,51.445315,-0.0062021278,494,69
SE6 2,51.448278,-0.014952781,481,67
SE6 3,51.427875,-0.015045995,363,51
SE6 4,51.446421,-0.018444008,466,65
SE7 7,51.483026,0.034848417,496,70
SE7 8,51.484684,0.039329648,486,68
SE8 3,51.486013,-0.03159257,472,66
SE8 4,51.477001,-0.026162663,418,59
SE8 5,51.486539,-0.036150325,441,62
SE9 1,51.450353,0.062295515,589,83
SE9 2,51.438631,0.070688575,499,70
SE9 3,51.439408,0.053629394,475,67
SE9 4,51.428008,0.047752412,429,60
SE9 5,51.449085,0.052523676,428,60
SE9 6,51.45427,0.036260954,468,66
SM1 1,51.359919,-0.19302374,410,57
SM1 2,51.359434,-0.19536974,488,69
SM1 3,51.3708,-0.19304077,516,72
SM1 4,51.363609,-0.19091051,343,48
SM2 5,51.358872,-0.19102534,489,69
SM2 6,51.352066,-0.19347631,421,59
SM2 7,51.344157,-0.20484362,1200,170
SM3 8,51.355393,-0.22222803,584,82
SM3 9,51.372109,-0.2257041,510,72
SM4 4,51.384566,-0.22463315,569,80
SM4 5,51.400391,-0.20038566,442,62
SM4 6,51.397728,-0.18451893,430,60
SM5 1,51.380072,-0.18319141,399,56
SM5 2,51.378816,-0.16892894,409,57
SM5 3,51.366758,-0.15692599,568,80
SM5 4,51.35212,-0.15762835,699,98
SM6 0,51.365888,-0.15308218,404,57
SM6 7,51.371022,-0.13715775,403,57
SM6 8,51.363853,-0.14894072,472,66
SM6 9,51.358382,-0.1464179,490,69
SW10 0,51.477972,-0.18300497,1600,225
SW10 9,51.48367,-0.18691202,2500,346
SW11 1,51.464566,-0.16469231,899,126
SW11 2,51.461926,-0.17414111,647,91
SW11 3,51.472581,-0.165969,735,103
SW11 4,51.476496,-0.16679117,1100,151
SW11 5,51.471701,-0.16436279,761,107
SW11 6,51.453738,-0.15769974,1400,199
SW12 0,51.448263,-0.14243481,840,118
SW12 8,51.448791,-0.14910552,1000,144
SW12 9,51.445872,-0.15048993,853,120
SW13 0,51.471845,-0.24899353,1200,166
SW13 8,51.483833,-0.23231706,1300,181
SW13 9,51.482642,-0.23979467,1900,268
SW14 7,51.46141,-0.26996407,1000,142
SW14 8,51.467464,-0.2664525,1100,160
SW15 1,51.464133,-0.22292897,1200,163
SW15 2,51.459687,-0.21617766,983,138
SW15 3,51.452662,-0.23093062,651,91
SW15 4,51.448266,-0.23753351,419,59
SW15 5,51.46358,-0.23816722,802,113
SW15 6,51.460573,-0.21765463,765,107
SW16 1,51.438392,-0.13076338,548,77
SW16 2,51.424192,-0.12284192,485,68
SW16 3,51.416368,-0.12053066,625,88
SW16 4,51.41298,-0.12459549,479,67
SW16 5,51.418438,-0.13754617,527,74
SW16 6,51.427099,-0.13194355,585,82
SW17 0,51.433773,-0.18296084,568,80
SW17 6,51.428902,-0.15094514,479,67
SW17 7,51.436127,-0.15924283,950,133
SW17 8,51.440834,-0.15375837,751,105
SW17 9,51.424682,-0.16509683,569,80
SW18 1,51.458462,-0.18559358,732,103
SW18 2,51.456938,-0.18644572,872,122
SW18 3,51.450226,-0.18568982,1100,154
SW18 4,51.454375,-0.1917145,599,84
SW18 5,51.445805,-0.19868718,891,125
SW19 1,51.421637,-0.18614621,627,88
SW19 2,51.421458,-0.17520778,495,69
SW19 3,51.415094,-0.19451612,852,119
SW19 4,51.421712,-0.2108822,1600,228
SW19 5,51.427765,-0.21389679,1600,231
SW19 6,51.448318,-0.22138431,542,76
SW19 7,51.422939,-0.2082021,1500,204
SW19 8,51.434581,-0.19918627,856,120
SW1A 1,51.501009,-0.1415876,5100,712
SW1A 2,51.50354,-0.12769524,1100,156
SW1E 5,51.498125,-0.14060996,4000,562
SW1E 6,51.498096,-0.13711016,2000,286
SW1H 0,51.499445,-0.13541268,3000,420
SW1H 9,51.500872,-0.13237198,3100,431
SW1P 1,51.496429,-0.13743747,1200,171
SW1P 2,51.494636,-0.12932783,944,132
SW1P 3,51.501102,-0.12877491,1800,253
SW1P 4,51.492561,-0.1328413,1100,148
SW1V 1,51.495671,-0.14183351,1000,145
SW1V 2,51.491316,-0.14165048,922,129
SW1V 3,51.487137,-0.1429439,739,104
SW1V 4,51.487516,-0.14474338,872,122
SW1W 0,51.498404,-0.14686581,2300,323
SW1W 8,51.492019,-0.15830324,1900,265
SW1W 9,51.497422,-0.1507667,2400,331
SW1X 0,51.497343,-0.15944292,3700,518
SW1X 7,51.498367,-0.14852414,5000,698
SW1X 8,51.497975,-0.15049938,3600,508
SW1X 9,51.493885,-0.15683069,3400,475
SW1Y 4,51.50799,-0.13381017,605,85
SW1Y 5,51.505191,-0.13427033,1200,163
SW1Y 6,51.5068,-0.13819617,1500,204
SW2 1,51.454693,-0.11933117,582,82
SW2 2,51.450971,-0.12103853,666,93
SW2 3,51.438166,-0.12500289,619,87
SW2 4,51.443524,-0.12547416,546,77
SW2 5,51.458026,-0.12306633,638,89
SW20 0,51.421261,-0.25377521,1000,141
SW20 8,51.413136,-0.22349785,724,102
SW20 9,51.410341,-0.20770243,675,95
SW3 1,51.501272,-0.16056694,2300,317
SW3 2,51.497533,-0.16871339,3000,424
SW3 3,51.491647,-0.16262541,1200,170
SW3 4,51.485414,-0.16431627,2600,368
SW3 5,51.483847,-0.17450432,3400,481
SW3 6,51.485709,-0.17631676,4200,594
SW4 0,51.461644,-0.1481249,1000,146
SW4 6,51.469232,-0.13838686,672,94
SW4 7,51.461553,-0.13782125,650,91
SW4 8,51.454851,-0.13145853,795,112
SW4 9,51.452724,-0.14815485,1200,168
SW5 0,51.490069,-0.19012971,1400,201
SW5 9,51.491941,-0.1931383,880,123
SW6 1,51.48008,-0.1966602,946,133
SW6 2,51.476658,-0.19168302,927,130
SW6 3,51.471126,-0.19565982,1700,232
SW6 4,51.477225,-0.19229422,1400,195
SW6 5,51.476831,-0.20643665,1200,167
SW6 6,51.480809,-0.21434551,1200,163
SW6 7,51.479459,-0.20305007,1000,141
SW7 1,51.499581,-0.1714696,3300,458
SW7 2,51.500897,-0.17571053,3900,552
SW7 3,51.492103,-0.17633531,2300,319
SW7 4,51.497312,-0.18746569,1800,249
SW7 5,51.493252,-0.17908416,1700,241
SW8 1,51.478732,-0.11886095,630,88
SW8 2,51.471054,-0.13697365,667,94
SW8 3,51.468563,-0.14434608,634,89
SW8 4,51.478622,-0.14471548,544,76
SW8 5,51.478729,-0.13952674,750,105
SW9 0,51.471957,-0.11303446,608,85
SW9 6,51.469545,-0.11296116,462,65
SW9 7,51.468394,-0.11296546,446,63
SW9 8,51.464292,-0.11787121,575,81
SW9 9,51.47132,-0.12044732,676,95
TW1 1,51.450065,-0.33227783,850,119
TW1 2,51.455262,-0.31965251,1000,143
TW1 3,51.4475,-0.32452821,818,115
TW1 4,51.448136,-0.33063559,647,91
TW10 5,51.463414,-0.28581034,1300,187
TW10 6,51.456793,-0.30104252,1700,240
TW10 7,51.44645,-0.30155594,1000,142
TW11 0,51.426111,-0.33493367,820,115
TW11 8,51.429673,-0.32799993,804,113
TW11 9,51.425247,-0.33230406,1100,153
TW12 1,51.432254,-0.37539439,695,97
TW12 2,51.414573,-0.3700533,772,108
TW12 3,51.423617,-0.36279875,683,96
TW13 4,51.445927,-0.41576353,367,51
TW13 5,51.44722,-0.40635039,437,61
TW13 6,51.439627,-0.38963636,400,56
TW13 7,51.441441,-0.41190422,638,90
TW14 0,51.450907,-0.40501311,427,60
TW14 8,51.452215,-0.42730442,428,60
TW14 9,51.449381,-0.4072106,410,57
TW2 5,51.44488,-0.34013668,699,98
TW2 6,51.444393,-0.3740427,673,94
TW2 7,51.451724,-0.36769438,644,90
TW3 1,51.470271,-0.36098534,378,53
TW3 2,51.463952,-0.36375984,546,77
TW3 3,51.470774,-0.36927513,402,56
TW3 4,51.47324,-0.35719281,536,75
TW4 5,51.463737,-0.38392197,433,61
TW4 6,51.464984,-0.38631091,437,61
TW4 7,51.466868,-0.37811018,517,73
TW5 0,51.477373,-0.38346892,500,70
TW5 9,51.476793,-0.38839985,513,72
TW7 4,51.474162,-0.349888,523,73
TW7 5,51.475097,-0.3358722,569,80
TW7 6,51.471316,-0.32863775,545,76
TW7 7,51.46867,-0.32782739,551,77
TW8 0,51.483357,-0.30356965,564,79
TW8 8,51.483318,-0.30833826,526,74
TW8 9,51.491293,-0.30579592,501,70
TW9 1,51.460814,-0.30237592,956,134
TW9 2,51.470493,-0.29393925,945,133
TW9 3,51.483243,-0.28833623,1400,203
TW9 4,51.479477,-0.28163672,972,136
UB1 1,51.5075,-0.37848347,532,75
UB1 2,51.512149,-0.37654582,475,67
UB1 3,51.517949,-0.35587297,381,53
UB10 0,51.536913,-0.47156588,473,66
UB10 8,51.559601,-0.46611694,673,94
UB10 9,51.549868,-0.45284333,515,72
UB2 4,51.506172,-0.3780551,465,65
UB2 5,51.50208,-0.3832432,460,65
UB3 1,51.503676,-0.41452537,449,63
UB3 2,51.507475,-0.41883172,402,56
UB3 3,51.514846,-0.4086466,420,59
UB3 4,51.495095,-0.4303958,386,54
UB4 0,51.525885,-0.41770399,472,66
UB4 8,51.5252,-0.42696795,431,60
UB4 9,51.526281,-0.39980039,367,52
UB5 4,51.548212,-0.36844058,425,60
UB5 5,51.546772,-0.37091504,429,60
UB5 6,51.544981,-0.36952241,350,49
UB6 0,51.542247,-0.34380685,545,76
UB6 7,51.537599,-0.31484837,498,70
UB6 8,51.531993,-0.30832234,508,71
UB6 9,51.534239,-0.34923041,453,64
UB7 7,51.508138,-0.47503622,419,59
UB7 8,51.51605,-0.47422436,334,47
UB7 9,51.504541,-0.46532955,391,55
UB8 1,51.537333,-0.4873407,472,66
UB8 2,51.544597,-0.48297536,376,53
UB8 3,51.530143,-0.48065894,444,62
W10 4,51.529068,-0.21587479,709,99
W10 5,51.52631,-0.2154348,1100,151
W10 6,51.522295,-0.2234478,1100,148
W11 1,51.520271,-0.20043511,881,124
W11 2,51.513995,-0.19927009,3000,416
W11 3,51.507251,-0.20691392,3900,548
W11 4,51.515094,-0.21412925,2400,333
W12 0,51.516396,-0.244403,706,99
W12 7,51.515609,-0.23385444,671,94
W12 8,51.505068,-0.22305158,705,99
W12 9,51.506121,-0.24462503,868,122
W13 0,51.528521,-0.32955688,642,90
W13 8,51.515248,-0.32074649,1000,143
W13 9,51.510982,-0.31799232,801,112
W14 0,51.499435,-0.21866026,961,135
W14 8,51.500551,-0.20394952,2400,331
W14 9,51.49117,-0.20681025,711,100
W1B 1,51.521321,-0.14486897,3900,549
W1D 3,51.513965,-0.13239857,742,104
W1D 4,51.514082,-0.13124082,877,123
W1D 5,51.51297,-0.13036392,610,86
W1D 6,51.512106,-0.13309431,380,53
W1D 7,51.510953,-0.13301172,1400,195
W1F 0,51.512957,-0.13401071,1500,212
W1F 7,51.513564,-0.13655128,780,109
W1F 8,51.514181,-0.13581986,525,74
W1F 9,51.512248,-0.13693644,515,72
W1G 0,51.516184,-0.14811884,1900,267
W1G 6,51.520778,-0.15032527,2000,278
W1G 7,51.522048,-0.14649712,1900,271
W1G 8,51.520027,-0.14888546,2000,286
W1G 9,51.518683,-0.1452068,2300,324
W1H 1,51.519649,-0.16262293,1600,224
W1H 2,51.51893,-0.16036007,2000,288
W1H 4,51.519576,-0.16428347,715,100
W1H 5,51.514676,-0.16148267,1100,155
W1H 6,51.514977,-0.15541731,1600,221
W1H 7,51.513855,-0.16011778,2100,302
W1J 0,51.509092,-0.13755513,2900,400
W1J 5,51.509798,-0.14746991,3600,499
W1J 7,51.506301,-0.14981645,2100,295
W1K 2,51.509882,-0.15220772,3000,415
W1K 3,51.511289,-0.14566564,2200,308
W1K 4,51.511729,-0.14962535,5900,828
W1K 6,51.51298,-0.15539708,8100,1130
W1K 7,51.512963,-0.15773251,5500,769
W1S 1,51.514335,-0.1460608,5300,749
W1S 3,51.510632,-0.14051869,6300,886
W1S 4,51.508933,-0.14110666,5700,800
W1T 1,51.517133,-0.13424361,2700,374
W1T 2,51.517121,-0.13633401,1500,204
W1T 3,51.518402,-0.13714655,1500,217
W1T 4,51.520311,-0.13732809,705,99
W1T 6,51.522243,-0.13949799,1900,265
W1U 1,51.515401,-0.15323826,3100,430
W1U 2,51.516767,-0.15092014,1400,199
W1U 3,51.516692,-0.15181682,1900,272
W1U 4,51.519844,-0.15158829,3600,499
W1U 5,51.520805,-0.15545571,1300,176
W1U 6,51.519943,-0.15615356,1800,252
W1U 7,51.518432,-0.15552276,7500,1056
W1U 8,51.517861,-0.15641062,2700,379
W1W 5,51.522677,-0.14420841,1200,168
W1W 6,51.520449,-0.14202156,685,96
W1W 7,51.519002,-0.13926972,1800,250
W2 1,51.520327,-0.17842245,1000,141
W2 2,51.514394,-0.16757606,1300,182
W2 3,51.51318,-0.1826132,1000,146
W2 4,51.514644,-0.19353718,1500,212
W2 5,51.51613,-0.18784297,1700,235
W2 6,51.518112,-0.18054313,917,129
W3 0,51.519838,-0.26841397,707,99
W3 6,51.517097,-0.26488584,639,90
W3 7,51.513071,-0.255945,520,73
W3 8,51.506165,-0.26933581,577,81
W3 9,51.502707,-0.28244886,826,116
W4 1,51.501346,-0.25421702,1400,203
W4 2,51.490426,-0.26066971,1100,150
W4 3,51.490789,-0.28224856,1100,158
W4 4,51.491081,-0.27945747,1100,160
W4 5,51.499197,-0.26513349,813,114
W5 1,51.528642,-0.29793685,691,97
W5 2,51.514117,-0.30461781,690,97
W5 3,51.520151,-0.28853841,722,101
W5 4,51.500708,-0.30139824,707,99
W5 5,51.512278,-0.30617046,725,102
W6 0,51.495143,-0.22739925,962,135
W6 7,51.493425,-0.22497373,865,121
W6 8,51.491819,-0.22286092,821,115
W6 9,51.492799,-0.24369629,1000,141
W7 1,51.518505,-0.33789393,489,69
W7 2,51.502305,-0.33061646,635,89
W7 3,51.5192,-0.33871903,593,83
W8 4,51.504699,-0.19299391,1900,265
W8 5,51.499727,-0.18545366,3100,430
W8 6,51.497792,-0.19707053,2400,338
W8 7,51.504242,-0.19719063,3300,461
W9 1,51.522735,-0.18119493,1100,160
W9 2,51.525913,-0.19712769,929,130
W9 3,51.527974,-0.20428339,552,78
WC1A 1,51.516395,-0.12516473,987,138
WC1A 2,51.517656,-0.12253291,956,134
WC1B 3,51.518137,-0.12897044,1200,163
WC1B 4,51.517988,-0.1201987,990,139
WC1B 5,51.520634,-0.12259784,838,118
WC1E 6,51.522774,-0.1333067,746,105
WC1E 7,51.520456,-0.13115287,1200,174
WC1H 0,51.522981,-0.12991069,300,42
WC1H 8,51.529822,-0.12302724,656,92
WC1H 9,51.527733,-0.1290528,606,85
WC1N 1,51.525387,-0.12517019,689,97
WC1N 2,51.524511,-0.11706135,1600,226
WC1N 3,51.520117,-0.12117769,887,124
WC1R 4,51.518266,-0.12014401,583,82
WC1X 0,51.523743,-0.11180257,650,91
WC1X 8,51.520988,-0.11270933,553,78
WC1X 9,51.526932,-0.11328527,885,124
WC2A 2,51.514337,-0.11627029,2000,279
WC2B 4,51.514374,-0.11971333,1100,160
WC2B 5,51.515137,-0.12190144,1100,157
WC2E 7,51.513814,-0.12295031,850,119
WC2E 8,51.512194,-0.12170545,1700,243
WC2E 9,51.512596,-0.1260557,710,100
WC2H 0,51.513033,-0.12923721,1500,214
WC2H 7,51.511698,-0.12782194,655,92
WC2H 8,51.513462,-0.12907551,1000,147
WC2H 9,51.514794,-0.1251728,1100,147
WC2N 4,51.511496,-0.12758521,975,137
WC2N 5,51.506858,-0.12431696,2300,326
WC2N 6,51.509662,-0.1219825,807,113
WC2R 0,51.510588,-0.12025832,2000,281
WC2R 1,51.517133,-0.13424361,2400,339
WC2R 3,51.511956,-0.11252057,870,122
